{"PlFxouBD7SF3PUCWmFTS5g==":"sb%20building-346x146.jpeg","cnqkeVH38DG7ipYK+mpYHg==":"sb-196x207.jpg","IzZBCHDI2mi789TRgYyTmg==":"sb-196x207.jpeg","9Gjxp0kXpA/CbtwhIkeXug==":"sb1-160x171.jpg","aBOptmb0Hp3Kzmo+4wZkfQ==":"000-576x384.png","B7fNFQDEzW3Rhd5GykjE6g==":"000-1-576x384.png","YgPF0eNKCmZ44kE0bT7QsQ==":"000-2-576x384.png","z3ukQ+riGlWdVv7x4LZbIg==":"sb2.jpg","e+C8iN/mYKOzRv8EQGiR0g==":"sb.jpg","XtWsjbrevNhNO6pRSC4oaQ==":"sb-building1.png","F4kfhncPPDaJ5nQXa3TO0g==":"sb-building.jpg","+OhSAXwG2davvgA2+5jwzw==":"12result.jpg","dDX3niT7aAWsQZrvq7sUBQ==":"banner-4.png","XcNQDJ+U1vRlB6yZw8DhAw==":"govindha-shuvilesh.jpg","FJcJVCP9mMTTSfWyFsmEMQ==":"govindha-shuvilesh-1.jpg","3ri2/0q2DqCOxKetNccr8w==":"shankar-mahadevan.jpeg","yTu1w0tG2UQqrrI1yAJkgw==":"manoj-kumar.jpg","VKIzg15RIJUqB27/PyUAhw==":"manoj-kumar.jpeg","s9geACEuIcrP+JPv4OYlqQ==":"manoj-kumar-1.jpeg","Kzsx2j2GouDgy+wAzKjHmA==":"manoj-kumar-2.jpeg","E36zX98j+CJkZyCL7sQjHQ==":"govindha-shuvilesh.jpeg","tD8p0RWfV4TjX4k1RZgVhw==":"shankar-mahadevan-1.jpeg","riK6gDEHsCTiJ0HEKyXlsQ==":"banner-7.png","a7AFoAoTClTAacz2ULCWEg==":"banner-8.png"}